{
  "$schema": "https://mintlify.com/schema.json",
  "name": "CodeCode.Me",
  "logo": {
    "dark": "/logo/icon.png",
    "light": "/logo/icon.png"
  },
  "favicon": "/logo/icon.png",
  "colors": {
    "primary": "#0D9373",
    "light": "#07C983",
    "dark": "#0D9373",
    "anchors": {
      "from": "#0D9373",
      "to": "#07C983"
    }
  },
  "topbarLinks": [
    {
      "name": "Support",
      "url": "mailto:support@codecode.me"
    }
  ],
  "anchors": [
    {
      "name": "Contact Us",
      "icon": "envelope",
      "url": "mailto:support@codecode.me"
    }
  ],
  "navigation": [
    {
      "group": "Get Started",
      "pages": [
        "welcome",
        "discord-translator",
        "telegram-translator",
        "quick-input-translator",
        "whatsapp-translator",
        "whatsapp-keyword-tracker"
      ]
    },
    {
      "group": "Changelog",
      "pages": [
        "changelog/discord-translator",
        "changelog/whatsapp-translator",
        "changelog/telegram-translator",
        "changelog/whatsapp-keyword-tracker"
      ]
    },
    {
      "group": "Notice",
      "pages": [
        "notice/migration-from-lemon-squeezy-to-creem",
        "notice/discord-translator-license-system-update"
      ]
    },
    {
      "group": "Troubleshooting",
      "pages": [
        "troubleshooting/how-to-reset-license",
        "troubleshooting/how-to-active-premium-features",
        "troubleshooting/how-to-check-the-product-version",
        "troubleshooting/how-to-update-the-product-to-the-latest-version"
      ]
    }
  ],
  "footerSocials": {
    "website": "https://codecode.me"
  }
}
